time,x,y,z
0.009,-1.12,-0.12,-1.37
0.010,-1.11,-0.06,-1.19
0.018,-1.12,-0.03,-0.85
0.031,-1.15,-0.01,-0.88
0.035,-1.13,-0.08,-0.60
0.045,-1.15,-0.18,-0.44
0.052,-1.16,-0.23,-0.52
0.061,-1.12,-0.37,-0.75
0.069,-1.23,-0.37,-0.95
0.079,-1.26,-0.34,-0.97
0.086,-1.36,-0.36,-0.91
0.094,-1.45,-0.29,-0.86
0.103,-1.49,-0.17,-0.84
0.111,-1.47,0.11,-1.02
0.121,-1.57,0.16,-1.38
0.127,-1.58,0.18,-1.40
0.142,-1.64,0.09,-2.00
0.144,-1.27,-0.08,-2.34
0.160,-0.83,-0.34,-2.44
0.161,-0.70,-0.60,-1.96
0.175,-0.81,-0.62,-1.16
0.178,-0.86,-0.54,-1.24
0.192,-1.41,-0.30,-0.17
0.195,-1.97,-0.18,0.37
0.212,-2.10,-0.15,0.32
0.213,-1.70,0.02,-0.18
0.220,-1.11,0.18,-0.51
0.229,-1.11,0.22,-0.54
0.237,-0.48,0.09,-0.63
0.245,-0.06,-0.31,-0.64
0.253,0.60,-0.47,-0.66
0.262,0.48,-0.60,-0.36
0.271,-0.42,-0.47,-0.22
0.278,-1.11,0.04,0.11
0.291,-1.07,0.11,0.07
0.298,-1.40,0.18,-0.15
0.304,-1.51,0.18,-0.35
0.312,-1.15,0.19,-0.54
0.320,-0.54,0.27,-0.68
0.329,-0.01,0.36,-0.69
0.337,0.01,0.40,-0.71
0.346,0.29,0.50,-0.82
0.354,0.25,0.45,-0.70
0.364,0.19,0.38,-0.47
0.371,0.21,0.27,-0.19
0.381,0.25,0.14,0.10
0.388,0.24,0.19,0.07
0.398,0.21,0.01,0.22
0.405,0.30,-0.24,0.06
0.414,0.42,-0.44,-0.23
0.422,0.31,-0.51,-0.62
0.431,0.34,-0.51,-0.85
0.438,0.30,-0.46,-0.88
0.454,0.69,-0.61,-0.93
0.455,1.27,-0.97,-1.12
0.466,2.20,-1.11,-1.30
0.472,3.28,-1.38,-1.65
0.481,3.23,-2.58,-1.98
0.488,3.39,-2.53,-1.93
0.497,3.02,-3.40,-2.45
0.505,3.12,-3.69,-3.25
0.514,4.23,-4.01,-3.68
0.522,5.61,-4.89,-4.02
0.530,6.66,-5.93,-4.17
0.538,7.08,-6.95,-4.31
0.547,7.43,-6.84,-4.08
0.555,7.72,-7.84,-3.80
0.566,8.18,-8.87,-3.28
0.574,8.49,-10.34,-2.64
0.581,9.01,-11.84,-2.27
0.591,8.93,-13.30,-2.17
0.600,9.26,-12.90,-1.86
0.613,7.47,-13.97,-2.20
0.615,4.85,-14.33,-2.88
0.627,3.70,-14.67,-3.48
0.631,4.56,-15.10,-3.78
0.641,4.67,-15.62,-3.88
0.648,4.70,-15.06,-3.61
0.659,3.63,-15.21,-2.99
0.665,1.38,-15.14,-1.78
0.676,-2.62,-13.89,-0.67
0.682,-7.14,-11.37,-0.19
0.691,-11.07,-8.29,-0.84
0.699,-11.23,-7.79,-0.65
0.714,-13.79,-4.96,-1.87
0.717,-15.14,-2.97,-3.59
0.728,-15.81,-1.84,-4.20
0.733,-15.82,-1.66,-2.91
0.741,-15.30,-1.96,-0.42
0.749,-15.40,-1.79,-0.51
0.758,-14.65,-1.90,1.84
0.766,-13.85,-1.81,3.46
0.774,-12.78,-1.46,3.85
0.784,-16.94,-1.02,-5.44
0.795,-14.80,2.89,-23.73
0.800,-11.34,3.89,-16.23
0.812,-11.29,3.92,-16.00
0.816,-12.24,0.91,-10.35
0.824,-8.37,0.53,-4.24
0.835,-5.89,-0.88,-0.69
0.858,-3.95,-0.88,-0.54
0.860,-2.69,0.22,-1.23
0.861,-2.69,0.25,-1.11
0.867,-2.30,1.03,-0.88
0.875,-2.08,2.29,-0.50
0.890,-1.60,2.97,-0.56
0.892,-0.02,3.82,-0.48
0.900,1.46,4.50,-0.49
0.908,1.44,4.48,-0.48
0.918,1.66,3.06,-0.70
0.925,1.91,1.04,3.13
0.936,2.84,-0.49,3.39
0.942,1.22,-1.75,0.48
0.951,-1.75,-3.44,-1.15
0.959,-1.78,-3.40,-1.19
0.968,-4.33,-5.07,-1.51
0.975,-6.85,-8.49,-0.31
0.986,-4.98,-6.45,-0.17
0.992,-4.21,-5.83,0.14
1.002,-3.47,-6.67,0.06
1.010,-3.44,-6.65,0.04
1.018,-1.87,-5.63,0.25
1.027,-0.55,-2.44,0.20
1.034,2.40,1.21,0.70
1.043,2.18,0.49,2.12
1.051,3.25,-2.84,2.45
1.062,5.10,-5.29,1.76
1.068,4.96,-5.17,1.77
1.077,5.51,-5.30,0.77
1.085,3.59,-4.28,-0.35
1.093,2.67,-2.58,-1.17
1.101,1.95,-0.42,-1.44
1.112,6.95,3.31,-4.46
1.118,6.71,3.40,-4.44
1.128,0.88,1.44,-0.71
1.137,-0.06,3.15,1.65
1.143,-1.31,2.84,3.22
1.151,-0.87,2.70,3.59
1.165,-1.86,2.65,3.41
1.168,-1.97,2.68,3.30
1.184,-5.92,3.73,0.79
1.185,-13.09,3.75,-0.24
1.201,-10.65,2.79,-1.30
1.212,-7.36,2.07,-2.62
1.213,-4.44,2.20,-3.00
1.220,-4.43,2.19,-2.98
1.228,-2.39,2.27,-2.65
1.235,-0.68,2.51,-2.40
1.250,-0.12,1.68,-2.13
1.253,-0.60,1.13,-1.53
1.261,-1.45,1.36,-1.64
1.272,-1.48,1.38,-1.58
1.277,-2.87,2.13,-1.34
1.286,-2.69,1.91,-0.27
1.294,0.57,0.26,1.37
1.302,1.56,-3.30,1.50
1.311,1.51,-3.09,-0.01
1.319,0.45,-4.13,-0.94
1.328,0.48,-4.12,-0.86
1.336,-0.08,-6.12,-1.29
1.349,0.30,-8.95,-1.15
1.352,0.49,-9.43,-1.91
1.361,-2.25,-7.88,-2.42
1.370,-3.42,-5.13,-2.71
1.378,-3.45,-5.08,-2.61
1.387,-3.37,-3.77,-1.09
1.395,-3.05,-3.30,-1.19
1.403,-2.86,-3.84,-2.24
1.411,-1.76,-4.14,-2.10
1.421,-1.73,-3.48,-1.22
1.430,-1.73,-3.47,-1.07
1.438,-1.39,-2.60,-0.62
1.445,-0.54,-1.98,-0.50
1.455,0.15,-1.54,-0.77
1.465,0.74,-1.16,-1.45
1.471,1.47,-0.98,-1.48
1.479,1.40,-0.97,-1.33
1.488,2.36,-0.90,-1.02
1.497,3.59,-0.85,-0.74
1.504,3.84,-0.61,-0.56
1.513,3.84,-0.53,-0.43
1.521,3.94,-0.61,-0.45
1.530,3.59,-0.95,-0.57
1.538,3.49,-0.96,-0.40
1.548,2.80,-1.37,0.04
1.555,1.56,-1.83,0.66
1.563,0.05,-2.25,1.28
1.571,-1.68,-2.27,2.02
1.580,-1.55,-1.61,2.41
1.587,-1.46,-1.67,2.52
1.596,-0.59,-1.00,2.54
1.604,0.45,-0.06,1.58
1.613,1.14,0.47,0.41
1.621,0.72,3.57,1.04
1.630,2.07,7.13,-0.12
1.638,2.13,7.03,0.02
1.647,2.16,6.72,0.47
1.655,1.89,5.85,0.18
1.665,2.46,4.49,0.35
1.672,2.32,2.60,0.52
1.681,1.83,0.96,0.72
1.691,1.87,0.87,0.82
1.698,1.00,0.05,1.00
1.707,0.15,-0.10,1.07
1.715,0.58,-1.24,1.34
1.723,1.27,-2.32,1.42
1.733,1.67,-2.85,1.70
1.740,1.63,-2.90,1.79
1.748,2.11,-2.45,2.00
1.756,2.42,-1.37,2.40
1.765,2.61,0.18,2.27
1.773,2.75,1.54,1.95
1.782,2.78,2.81,1.87
1.789,2.71,3.89,1.30
1.798,2.57,3.86,1.34
1.815,2.24,5.80,1.08
1.816,3.74,3.53,0.31
1.824,4.03,0.42,-0.22
1.831,3.03,-1.20,-0.34
1.840,2.39,-1.47,-0.02
1.848,2.38,-1.43,-0.06
1.856,2.39,-1.05,-1.27
1.866,1.67,-1.82,-6.08
1.873,0.99,-2.01,-5.03
1.885,2.05,1.26,2.30
1.890,2.33,4.98,9.79
1.898,2.35,5.00,9.68
1.907,2.79,7.01,9.68
1.916,2.84,7.71,4.58
1.924,2.23,7.53,2.59
1.932,1.79,7.46,2.80
1.941,3.19,4.59,6.09
1.949,3.29,4.64,5.87
1.958,4.18,0.72,6.55
1.970,6.36,-7.64,7.04
1.976,7.47,-15.97,5.91
1.982,5.08,-16.27,2.47
1.993,0.61,-12.66,1.18
1.999,0.45,-12.53,1.03
2.008,-2.28,-9.40,0.58
2.016,-3.42,-8.11,0.96
2.025,-3.53,-7.57,-0.19
2.032,-3.75,-6.98,-2.19
2.042,-3.75,-5.69,-2.92
2.050,-3.91,-5.63,-2.99
2.059,-3.30,-4.11,-2.82
2.066,-2.43,-2.61,-2.02
2.075,-1.75,-1.14,-1.37
2.086,-1.61,0.43,-1.12
2.091,-0.79,1.65,-0.83
2.100,0.17,2.74,-0.70
2.108,0.22,2.74,-0.80
2.116,0.74,3.30,-0.99
2.125,0.98,3.52,-0.73
2.133,0.99,3.54,0.00
2.142,0.49,3.15,1.40
2.150,-0.01,2.29,2.10
2.159,-0.04,2.29,2.04
2.167,-0.41,1.50,3.71
2.175,-1.44,0.78,3.68
2.183,-1.81,-0.12,1.75
2.192,-1.61,-0.67,-1.08
2.211,-0.52,-0.97,-3.55
2.212,-0.53,-0.95,-3.68
2.218,0.19,-0.65,-4.50
2.227,0.91,-0.38,-3.69
2.236,1.81,-0.14,-3.03
2.243,2.39,0.08,-1.70
2.253,2.39,-0.02,-0.81
2.260,2.37,-0.01,-0.87
2.268,2.13,0.03,-1.07
2.277,1.46,-0.07,-1.23
2.286,0.84,-0.20,-0.48
2.294,0.45,-0.28,-0.13
2.305,0.01,-0.45,-0.03
2.311,-0.03,-0.45,-0.41
2.322,-0.09,-0.62,-0.38
2.327,-0.59,-1.12,-0.19
2.339,-0.89,-1.41,0.17
2.344,-1.24,-1.53,0.48
2.353,-1.49,-1.50,0.46
2.361,-1.66,-1.44,0.49
2.371,-1.72,-1.44,0.43
2.377,-2.09,-1.57,0.39
2.392,-1.95,-1.30,-0.05
2.394,-1.65,-1.30,-0.27
2.413,-2.21,-2.20,0.04
2.420,-1.88,-2.12,-1.61
2.422,-1.93,-2.12,-1.68
2.428,-1.31,-3.43,-4.34
2.437,-1.41,-4.11,-4.64
2.445,-2.21,-4.88,-4.25
2.453,-2.24,-4.85,-5.15
2.461,-2.61,-4.74,-6.11
2.469,-2.60,-4.72,-6.05
2.478,-2.59,-4.33,-6.58
2.487,-2.56,-3.61,-6.43
2.505,-2.49,-2.90,-6.17
2.507,-2.37,-2.42,-5.27
2.528,-2.01,-2.31,-4.17
2.552,-1.97,-2.30,-4.01
2.554,-0.67,-2.88,-1.86
2.555,-0.51,-2.88,-1.70
2.556,0.38,-3.53,-1.00
2.557,1.14,-4.10,-0.64
2.563,1.71,-4.48,-0.18
2.570,1.75,-4.18,0.66
2.582,1.90,-4.42,0.95
2.587,2.12,-3.83,1.40
2.597,2.56,-3.20,1.59
2.604,2.84,-2.47,1.91
2.613,3.24,-1.81,2.17
2.621,2.79,-1.33,2.68
2.630,2.83,-1.38,2.87
2.637,2.32,-0.99,2.83
2.646,1.24,-0.81,2.98
2.655,1.57,-0.24,1.19
2.680,0.96,0.31,0.61
2.684,0.19,0.01,0.78
2.687,0.23,-0.06,0.96
2.688,0.26,-0.36,1.27
2.697,0.87,-0.25,1.65
2.707,1.49,0.15,2.66
2.714,2.55,0.76,2.81
2.722,2.65,1.17,3.55
2.730,2.65,1.07,3.73
2.741,2.15,1.20,4.53
2.747,1.46,1.07,4.51
2.761,0.53,0.84,4.73
2.763,-0.42,0.56,4.32
2.775,-0.38,0.30,3.94
2.781,-0.42,0.20,4.08
2.792,1.21,1.03,4.81
2.797,1.17,0.93,4.93
2.830,2.03,1.47,5.06
2.833,2.78,1.90,5.06
2.835,3.11,2.49,5.34
2.837,3.02,2.39,5.45
2.840,2.98,3.02,5.53
2.849,2.74,3.80,5.60
2.856,2.23,4.30,5.40
2.864,2.22,4.62,5.12
2.873,2.19,4.83,4.74
2.880,2.42,4.91,4.08
2.890,2.40,4.92,4.05
2.898,2.81,5.16,3.08
2.907,3.02,4.94,1.08
2.915,4.74,1.99,-10.74
2.923,5.13,-3.19,-18.23
2.931,0.94,-4.20,-1.73
2.950,1.03,-4.22,-1.71
2.951,3.28,-2.27,11.86
2.956,2.95,-0.04,16.64
2.968,4.09,0.87,5.95
2.974,6.04,-0.59,-3.18
2.984,4.16,-2.28,0.86
2.990,4.23,-2.17,0.71
2.998,0.95,-2.23,2.47
3.006,1.32,-3.17,3.94
3.016,2.71,-4.28,2.64
3.023,2.28,-4.39,1.12
3.033,0.49,-3.61,0.96
3.040,0.52,-3.53,0.83
3.050,-0.95,-3.05,1.14
3.057,-1.76,-2.85,1.67
3.077,-1.59,-2.57,1.68
3.078,-0.83,-1.99,1.29
3.085,-0.28,-1.26,1.20
3.091,-0.27,-1.20,1.08
3.100,0.22,-0.46,0.86
3.107,0.23,-0.18,1.03
3.117,0.25,-0.18,1.65
3.124,0.56,-0.19,1.28
3.133,0.46,-0.20,1.15
3.141,0.30,-0.10,1.11
3.150,0.29,-0.05,0.98
3.161,0.17,0.17,0.73
3.166,0.10,0.13,0.55
3.178,0.29,0.04,0.04
3.183,0.19,-0.22,-0.06
3.193,-0.24,-0.68,0.57
3.199,-0.26,-0.64,0.46
3.218,-0.54,-0.94,0.93
3.220,-0.95,-1.07,1.33
3.235,-1.25,-0.87,1.63
3.237,-1.49,-0.55,1.53
3.250,-2.03,-0.11,1.07
3.252,-2.04,-0.09,0.96
3.259,-2.17,0.60,0.39
3.267,-1.37,1.07,-0.18
3.275,-0.21,1.54,-0.50
3.283,0.37,1.68,-1.10
3.292,0.92,1.56,-1.16
3.300,0.91,1.57,-1.28
3.310,1.90,1.57,-0.82
3.316,2.18,1.61,-0.93
3.327,2.25,1.41,-1.04
3.334,2.91,1.34,-1.92
3.351,2.42,1.01,-2.52
3.352,2.38,0.70,-2.17
3.371,1.00,0.61,-2.26
3.382,-0.19,0.22,-1.70
3.387,-0.60,0.01,-1.31
3.392,-0.69,-0.03,-1.10
3.393,-0.75,-0.00,-0.66
3.405,-0.67,0.12,-0.71
3.409,-0.71,0.12,-0.78
3.419,-0.56,0.14,-0.92
3.425,-0.67,-0.17,-0.51
3.435,-0.86,-0.64,0.50
3.442,-0.99,-0.95,1.21
3.451,-0.55,-0.48,1.79
3.459,-0.61,-0.48,1.73
3.468,-0.80,-0.76,1.72
3.476,-0.82,-0.99,1.67
3.484,-0.88,-1.72,1.48
3.492,-1.02,-2.70,1.38
3.501,-1.25,-3.74,-1.27
3.510,-1.31,-3.74,-1.34
3.519,-0.84,-4.97,-4.03
3.526,-1.29,-6.26,-4.13
3.535,-1.22,-6.25,-3.12
3.543,-0.83,-5.61,-4.00
3.552,-0.92,-5.07,-4.82
3.560,-0.93,-5.06,-4.79
3.569,-1.08,-4.63,-5.51
3.577,-1.19,-4.03,-6.04
3.587,-1.00,-3.25,-6.31
3.594,-0.93,-2.67,-5.88
3.603,-0.80,-2.26,-5.22
3.613,-0.77,-2.23,-4.59
3.620,-0.77,-2.23,-4.41
3.629,-0.77,-2.55,-3.67
3.636,-0.56,-2.88,-3.20
3.662,-0.04,-3.24,-2.68
3.663,0.54,-3.54,-2.26
3.664,1.03,-3.66,-1.67
3.669,1.07,-3.68,-1.46
3.677,1.35,-3.40,-0.60
3.686,1.34,-2.98,0.37
3.695,1.36,-2.44,1.30
3.703,1.74,-1.71,1.81
3.711,2.02,-1.30,2.03
3.719,2.08,-1.34,2.22
3.728,2.49,-0.83,2.78
3.736,2.41,-0.41,3.14
3.745,2.67,0.25,2.75
3.753,1.97,0.59,2.54
3.769,1.13,0.75,3.03
3.776,1.14,0.70,3.19
3.778,0.24,0.59,3.59
3.787,-0.88,0.14,1.85
3.796,-0.66,0.29,0.56
3.803,0.03,0.77,0.57
3.813,0.39,1.00,0.82
3.821,0.42,0.93,0.98
3.830,1.02,1.01,1.38
3.838,1.64,0.97,1.43
3.847,1.87,0.69,2.21
3.856,1.24,0.33,2.88
3.863,0.27,-0.15,3.25
3.871,-0.27,-0.56,3.07
3.880,-0.30,-0.66,3.23
3.891,-0.46,-0.51,3.25
3.896,-0.03,-0.03,3.45
3.904,0.10,0.72,3.66
3.914,1.01,1.17,3.77
3.923,2.30,1.45,3.60
3.930,2.24,1.34,3.73
3.938,2.76,1.47,3.40
3.946,3.11,1.69,3.32
3.955,2.79,1.98,3.51
3.963,2.39,2.39,3.84
3.972,1.98,2.80,3.90
3.980,1.91,2.72,3.97
3.988,1.76,3.13,3.92
3.997,1.92,3.43,3.74
4.005,1.98,3.49,3.59
4.024,2.48,3.85,3.06
4.025,2.91,3.78,1.82
4.031,2.92,3.80,1.79
4.038,2.42,3.81,1.31
4.048,2.26,3.56,1.07
4.055,3.78,2.24,-5.23
4.064,5.69,-2.70,-17.49
4.072,-0.68,-5.10,-4.70
4.080,-0.61,-5.10,-4.69
4.090,0.84,-1.90,9.85
4.097,1.12,0.10,13.31
4.107,1.84,0.80,4.06
4.114,4.81,-1.10,-3.55
4.125,4.21,-3.19,0.05
4.131,1.72,-3.11,1.83
4.140,1.79,-3.01,1.69
4.147,2.17,-3.28,3.59
4.157,3.48,-3.70,2.19
4.165,2.93,-3.32,1.23
4.173,1.72,-2.44,1.23
4.183,1.01,-1.89,1.56
4.191,1.04,-1.80,1.39
4.198,-0.15,-1.81,2.08
4.218,-0.62,-2.06,2.19
4.219,-0.38,-2.29,1.83
4.223,-0.26,-2.33,1.53
4.231,-0.33,-2.24,1.65
4.241,-0.31,-2.17,1.49
4.248,-0.02,-1.82,1.72
4.259,0.12,-1.21,1.58
4.265,0.35,-0.60,1.26
4.274,0.70,0.13,0.60
4.282,1.09,0.71,-0.11
4.291,1.08,0.75,-0.25
4.298,1.20,0.89,-0.19
4.310,0.82,0.69,0.30
4.319,0.50,0.42,0.85
4.327,-0.04,0.00,1.20
4.332,-0.48,-0.22,1.33
4.341,-0.53,-0.20,1.22
4.349,-0.71,-0.40,0.32
4.357,-1.15,-0.50,-0.52
4.367,-1.88,-0.49,-0.84
4.374,-2.80,-0.26,-0.33
4.384,-3.12,0.33,0.30
4.391,-2.64,1.07,1.33
4.400,-2.66,1.08,1.23
4.408,-1.65,1.70,0.79
4.417,-1.50,1.61,-0.39
4.433,-0.64,1.26,-1.55
4.437,0.56,0.84,-1.57
4.441,1.84,0.41,-0.80
4.452,1.84,0.42,-0.92
4.458,2.77,0.06,-0.34
4.468,3.69,-0.23,0.13
4.475,3.92,-0.19,-0.52
4.485,3.29,-0.18,-1.74
4.491,2.50,-0.22,-2.50
4.500,2.45,-0.21,-2.58
4.508,1.39,-0.25,-2.93
4.517,0.49,-0.29,-2.58
4.525,-0.30,-0.27,-1.75
4.535,-0.96,-0.19,-0.84
4.542,-1.60,-0.11,0.35
4.550,-1.66,-0.11,0.29
4.559,-2.24,-0.04,1.15
4.569,-2.65,-0.08,1.47
4.580,-2.83,-0.18,1.13
4.589,-2.44,-0.28,0.65
4.592,-2.20,-0.74,0.11
4.601,-2.24,-0.74,0.05
4.609,-2.91,-1.74,-0.90
4.617,-2.97,-2.94,-2.98
4.630,-3.17,-4.37,-4.16
4.634,-2.74,-5.03,-4.52
4.646,-1.85,-5.15,-5.07
4.651,-1.17,-4.77,-5.48
4.660,-1.16,-4.75,-5.43
4.668,-0.25,-4.25,-5.68
4.679,0.78,-3.63,-5.78
4.684,1.46,-3.13,-5.91
4.694,1.77,-3.12,-5.84
4.701,1.81,-3.30,-5.24
4.711,1.83,-3.30,-5.08
4.718,1.44,-3.64,-4.26
4.732,0.97,-3.88,-3.45
4.742,0.92,-3.99,-2.97
4.753,0.97,-3.92,-2.50
4.755,0.76,-3.73,-1.80
4.763,0.79,-3.75,-1.59
4.769,0.55,-3.28,-0.58
4.777,0.01,-2.89,0.52
4.786,-0.07,-2.35,1.75
4.794,0.01,-1.72,2.75
4.802,0.06,-1.21,3.04
4.811,0.09,-1.26,3.21
4.819,0.36,-0.69,3.12
4.828,0.44,-0.16,3.06
4.836,0.32,0.18,2.94
4.845,-0.20,0.17,3.24
4.862,-0.04,0.02,2.45
4.863,-0.04,-0.04,2.61
4.870,0.31,-0.08,1.31
4.878,0.96,0.09,0.69
4.887,1.58,0.35,0.81
4.894,2.21,0.75,1.24
4.904,2.28,1.07,1.71
4.911,2.87,1.43,2.16
4.922,2.52,1.50,2.58
4.928,2.52,1.43,2.70
4.937,1.59,1.14,3.26
4.945,0.79,0.55,2.97
4.963,0.16,-0.04,2.32
4.964,-0.36,-0.30,1.51
4.976,-0.36,-0.41,1.67
4.979,0.23,-0.46,1.95
4.988,0.19,-0.23,2.96
4.996,0.81,0.08,3.59
5.004,1.46,0.36,3.65
5.012,2.03,0.71,3.38
5.020,1.97,0.59,3.51
5.029,2.31,0.89,3.31
5.038,1.94,1.41,3.68
5.045,1.65,2.06,4.05
5.054,1.66,2.77,4.52
5.062,1.89,3.30,4.89
5.070,1.85,3.23,4.94
5.079,1.88,3.52,5.15
5.088,1.58,3.78,5.26
5.101,1.48,3.74,4.83
5.104,1.23,3.66,4.46
5.120,1.05,3.51,3.72
5.121,1.08,3.55,3.66
5.130,1.40,3.27,3.03
5.138,3.44,1.81,-2.95
5.147,5.87,-1.90,-14.42
5.154,0.79,-5.41,-10.35
5.164,-1.47,-4.07,6.90
5.172,-1.67,-1.86,12.63
5.182,-2.48,0.01,9.19
5.188,-2.50,0.09,9.07
5.198,0.67,0.55,0.16
5.217,3.97,-0.81,-0.14
5.218,5.03,-1.38,2.10
5.222,4.07,-0.97,1.43
5.233,4.17,-0.86,1.28
5.240,4.22,-0.82,2.01
5.250,4.47,-1.14,1.36
5.256,3.28,-1.55,0.66
5.265,1.48,-2.09,0.14
5.273,0.37,-2.54,-0.29
5.281,0.40,-2.44,-0.48
5.289,0.21,-2.89,-0.42
5.298,0.51,-3.34,-0.13
5.310,0.54,-3.48,-0.01
5.315,0.36,-3.47,0.36
5.325,0.19,-3.13,0.44
5.331,0.14,-3.07,0.32
5.340,0.33,-2.40,0.35
5.348,0.54,-1.63,0.27
5.357,0.77,-0.94,0.18
5.364,0.99,-0.39,0.29
5.376,1.17,0.14,0.83
5.382,1.14,0.17,0.73
5.396,1.32,0.40,1.20
5.398,1.44,0.62,1.55
5.407,0.76,0.71,1.87
5.415,0.13,0.85,2.27
5.425,0.19,1.03,1.22
5.432,0.11,1.01,0.50
5.442,-0.51,0.62,0.13
5.449,-0.51,0.64,0.03
5.457,-1.28,0.27,-0.15
5.465,-2.09,0.06,-0.52
5.474,-2.45,-0.02,-0.45
5.483,-2.62,0.43,-1.08
5.491,-2.62,0.45,-1.20
5.499,-2.50,0.35,-2.06
5.513,-2.34,0.43,-1.99
5.518,-1.95,0.73,-1.22
5.528,-1.02,0.94,0.68
5.536,-0.33,1.10,1.84
5.541,-0.29,1.11,1.72
5.550,0.15,1.25,1.82
5.557,1.45,1.41,1.08
5.566,3.03,1.67,-0.53
5.574,4.25,1.63,-2.50
5.583,4.04,1.46,-3.60
5.591,3.99,1.45,-3.72
5.599,2.74,0.92,-4.11
5.608,1.06,0.47,-3.49
5.616,-0.73,0.12,-1.73
5.624,-1.70,0.04,-0.18
5.633,-2.19,-0.02,0.32
5.641,-2.22,-0.03,0.26
5.662,-2.00,0.03,-0.08
5.664,-1.57,-0.21,-0.71
5.669,-1.44,-0.68,-0.82
5.676,-1.41,-0.86,-0.28
5.684,-1.34,-0.80,0.08
5.691,-1.40,-0.81,0.35
5.701,-1.44,-0.81,0.30
5.710,-1.28,-0.75,0.26
5.719,-0.96,-0.52,0.02
5.726,-0.30,-0.76,0.12
5.734,-0.15,-1.67,0.34
5.743,-0.65,-2.71,-0.44
5.751,-0.69,-2.71,-0.49
5.761,-1.09,-3.98,-2.37
5.768,-0.78,-4.84,-3.65
5.777,-0.84,-5.48,-3.54
5.785,-1.04,-5.68,-3.72
5.793,-1.34,-5.49,-4.58
5.801,-1.34,-5.48,-4.55
5.823,-1.46,-5.01,-4.99
5.825,-1.53,-4.25,-5.19
5.826,-1.72,-3.49,-5.21
5.835,-1.61,-2.89,-4.98
5.844,-1.40,-2.66,-4.65
5.851,-1.38,-2.64,-4.50
5.861,-1.01,-2.67,-4.30
5.868,-0.77,-3.09,-4.10
5.877,-0.52,-3.55,-3.78
5.885,-0.19,-3.91,-3.35
5.893,0.07,-4.13,-2.89
5.901,0.10,-4.13,-2.68
5.910,0.42,-4.23,-2.27
5.918,0.79,-4.06,-1.76
5.932,1.28,-3.55,-1.14
5.941,1.59,-2.85,-0.49
5.944,2.01,-2.13,0.26
5.952,2.45,-1.51,0.88
5.962,2.49,-1.56,1.12
5.970,2.57,-1.05,1.53
5.979,2.36,-0.79,2.45
5.987,1.92,-0.64,3.15
5.994,1.28,-0.52,3.99
6.003,0.80,-0.40,3.46
6.012,0.80,-0.46,3.63
6.019,0.63,-0.07,2.61
6.028,-0.06,-0.29,2.06
6.036,-0.03,-0.48,1.77
6.045,-0.13,-0.39,1.92
6.053,0.26,0.23,1.60
6.062,0.29,0.14,1.79
6.071,1.14,0.56,1.29
6.078,1.26,0.74,1.53
6.092,1.21,0.62,2.37
6.095,0.87,0.40,3.29
6.103,0.09,0.26,3.91
6.111,0.06,0.15,4.07
6.120,-0.93,0.06,4.29
6.128,-1.05,0.22,4.37
6.137,-0.62,0.67,4.37
6.145,0.30,0.98,4.38
6.153,1.50,1.30,4.56
6.162,1.45,1.18,4.70
6.170,2.67,1.34,5.01
6.181,3.27,1.24,5.21
6.187,3.19,1.17,5.25
6.197,2.78,1.47,5.22
6.215,2.66,2.14,5.06
6.216,2.10,2.83,4.86
6.222,2.00,2.73,4.94
6.235,1.63,3.29,4.61
6.239,1.45,3.57,4.23
6.257,1.46,3.82,3.76
6.259,1.47,3.90,3.10
6.262,1.70,3.74,3.22
6.274,1.71,3.78,3.17
6.279,3.27,3.20,0.71
6.289,7.16,-0.34,-13.12
6.296,4.47,-4.14,-13.63
6.305,1.37,-2.72,5.71
6.313,1.63,-0.27,15.30
6.321,1.57,-0.25,15.25
6.329,-1.40,1.38,11.78
6.338,0.65,1.63,0.31
6.351,4.72,-0.41,-3.13
6.354,3.62,-1.91,0.74
6.367,1.06,-2.21,2.14
6.371,1.16,-2.11,2.02
6.380,2.78,-2.86,2.98
6.389,4.50,-3.70,1.53
6.397,3.50,-3.54,0.63
6.406,1.30,-2.71,1.16
6.413,-0.40,-2.09,1.78
6.422,-0.37,-2.00,1.64
6.430,-1.08,-1.66,1.92
6.438,-0.59,-1.57,1.69
6.447,-0.03,-1.42,1.39
6.456,0.59,-1.25,1.04
6.464,0.98,-1.02,1.04
6.472,0.97,-0.98,1.25
6.482,0.99,-0.90,1.10
6.490,0.86,-0.93,1.20
6.500,0.71,-0.95,0.95
6.515,0.44,-0.88,0.81
6.517,0.46,-0.71,0.63
6.523,0.79,-0.49,0.28
6.532,0.79,-0.43,0.13
6.539,1.00,-0.33,-0.08
6.548,0.77,-0.43,0.20
6.556,0.35,-0.70,0.79
6.565,0.09,-0.73,1.13
6.573,-0.27,-0.67,1.37
6.582,-0.30,-0.64,1.26
6.590,-0.90,-0.51,1.45
6.600,-1.71,-0.29,1.53
6.606,-2.19,0.08,1.33
6.617,-2.57,0.34,0.73
6.623,-3.01,0.23,-0.02
6.651,-3.02,0.25,-0.15
6.652,-3.57,0.20,-0.83
6.653,-3.52,0.24,-1.02
6.660,-2.27,0.53,-0.37
6.667,-1.85,0.69,-0.41
6.674,-1.46,0.72,-0.27
6.683,-1.41,0.74,-0.40
6.690,-0.60,0.83,-0.41
6.701,0.48,0.96,-0.91
6.711,1.58,1.36,-1.75
6.728,2.67,1.46,-2.40
6.731,3.63,1.45,-2.90
6.733,4.00,1.33,-3.33
6.745,3.98,1.33,-3.43
6.766,0.97,-0.06,-2.26
6.772,0.95,-0.06,-2.31
6.790,-0.57,-0.12,0.12
6.792,-0.60,-0.12,0.06
6.799,-1.45,-0.06,0.98
6.809,-1.52,0.06,0.98
6.816,-1.12,0.05,0.72
6.825,-0.60,0.03,0.71
6.833,-0.15,-0.21,0.79
6.841,-0.19,-0.21,0.73
6.850,0.05,-0.47,1.16
6.858,0.01,-0.89,1.29
6.866,-0.04,-1.22,0.95
6.875,-0.16,-1.62,0.64
6.884,0.20,-1.66,0.48
6.895,0.15,-1.67,0.40
6.900,0.10,-2.31,0.18
6.909,-0.25,-2.82,-0.89
6.917,-0.38,-3.57,-3.35
6.927,0.10,-4.42,-4.25
6.934,-0.29,-5.04,-3.55
6.944,-0.58,-4.96,-3.74
6.950,-0.60,-4.95,-3.74
6.960,-0.87,-4.49,-4.66
6.968,-1.08,-4.11,-5.15
6.977,-1.15,-3.62,-5.54
6.984,-1.12,-3.10,-5.55
6.993,-0.94,-2.63,-5.11
7.001,-0.93,-2.62,-4.99
7.012,-0.57,-2.42,-4.76
7.018,-0.31,-2.49,-4.51
7.027,-0.23,-2.79,-4.31
7.038,-0.46,-3.20,-3.85
7.044,-0.55,-3.60,-3.05
7.053,-0.52,-3.59,-2.85
7.060,-0.35,-3.75,-2.02
7.068,0.27,-3.57,-1.32
7.076,0.93,-3.18,-0.74
7.085,1.44,-2.92,-0.31
7.094,1.88,-2.54,-0.25
7.101,1.90,-2.56,-0.05
7.110,2.22,-2.30,-0.19
7.119,2.22,-1.96,-0.10
7.127,2.35,-1.44,0.59
7.135,1.99,-0.93,1.95
7.143,1.93,-0.48,2.97
7.169,1.97,-0.53,3.17
7.170,2.11,-0.05,3.49
7.170,2.38,0.22,3.11
7.177,2.37,0.17,2.81
7.187,2.13,0.07,2.52
7.194,1.55,-0.42,2.19
7.214,1.75,-0.72,1.36
7.215,1.74,-0.79,1.52
7.221,1.41,-0.99,1.13
7.227,1.27,-0.95,1.16
7.236,1.27,-0.64,1.19
7.247,1.15,-0.43,1.37
7.253,1.23,-0.03,1.58
7.261,1.26,-0.12,1.74
7.270,0.25,0.07,2.45
7.281,-1.13,-0.15,3.14
7.291,-2.02,-0.23,3.71
7.303,-1.69,-0.13,3.84
7.304,-0.69,0.31,4.06
7.312,-0.73,0.19,4.22
7.320,0.16,0.74,4.60
7.328,1.16,1.32,4.87
7.336,2.23,1.92,5.12
7.347,2.71,2.52,5.13
7.353,2.90,2.80,4.92
7.361,2.77,2.67,5.03
7.370,2.45,3.00,4.91
7.379,2.26,3.49,4.87
7.387,1.90,4.05,4.74
7.395,1.64,4.26,4.45
7.403,1.35,4.10,4.04
7.412,1.30,4.04,4.07
7.421,1.55,3.87,3.56
7.433,1.31,3.36,2.96
7.438,1.58,2.95,2.83
7.446,1.44,2.64,2.35
7.456,1.42,2.51,1.72
7.464,3.31,1.08,-6.17
7.472,3.36,1.15,-6.22
7.481,5.20,-2.77,-15.47
7.489,-0.00,-4.97,-2.77
7.497,-0.12,-2.89,7.20
7.505,-1.30,-1.30,10.70
7.513,-1.20,0.35,4.91
7.521,-1.21,0.45,4.78
7.530,3.01,0.34,-2.41
7.538,3.86,-1.44,-2.84
7.547,1.42,-2.03,0.35
7.556,1.81,-2.76,2.76
7.563,3.52,-2.70,2.64
7.578,3.55,-2.60,2.52
7.592,3.36,-2.05,0.78
7.593,1.92,-1.44,0.89
7.597,1.10,-1.13,1.03
7.605,1.10,-1.31,1.62
7.613,1.45,-1.45,2.23
7.622,1.50,-1.36,2.09
7.630,2.13,-1.31,2.16
7.639,2.57,-1.05,2.17
7.647,2.71,-0.77,1.98
7.655,2.46,-0.61,1.77
7.665,1.88,-0.67,1.88
7.673,1.90,-0.59,1.73
7.681,0.94,-0.78,2.06
7.690,-0.08,-0.89,2.32
7.699,-1.21,-1.03,2.54
7.707,-1.65,-1.04,2.19
7.718,-1.55,-1.01,1.73
7.724,-0.98,-0.79,1.23
7.778,-0.94,-0.75,1.12
7.780,-0.15,-0.38,0.61
7.781,0.64,-0.11,0.39
7.782,1.38,0.30,0.35
7.783,2.07,0.80,0.25
7.784,2.20,0.95,0.75
7.785,2.18,0.97,0.65
7.791,2.06,0.97,1.01
7.799,1.78,0.75,0.99
7.808,1.34,0.51,0.75
7.815,0.60,0.22,0.43
7.824,0.24,0.11,-0.30
7.875,0.17,0.13,-0.38
7.876,-0.38,-0.08,-1.11
7.877,-1.09,-0.15,-0.96
7.878,-1.42,-0.04,-0.75
7.879,-1.88,-0.06,-0.19
7.880,-2.42,-0.15,0.59
7.882,-2.47,-0.15,0.56
7.895,-2.71,-0.12,1.06
7.900,-2.77,-0.02,1.28
7.909,-2.65,0.01,1.14
7.915,-2.63,0.05,0.60
7.925,-2.23,0.22,-0.20
7.932,-2.23,0.23,-0.27
7.946,-1.33,0.71,-0.87
7.960,-0.38,1.03,-1.30
7.962,-0.74,1.65,0.81
7.976,2.06,5.76,0.48
7.977,0.89,3.47,0.75
7.984,-0.11,3.15,-4.97
7.992,-0.08,3.15,-5.07
8.001,0.81,-0.05,-7.84
8.008,1.49,-1.76,-8.26
8.018,0.90,-1.97,-6.80
8.025,0.67,-2.00,-5.13
8.034,0.51,-1.70,-2.66
8.042,0.53,-1.69,-2.67
8.051,0.94,-1.43,0.16
8.058,0.68,-1.55,2.65
8.067,0.41,-1.39,4.42
8.076,0.09,-0.76,4.41
8.084,0.40,-0.07,3.03
8.092,0.38,-0.07,3.02
8.107,1.13,0.28,1.22
8.109,1.53,-0.02,-0.30
8.119,1.74,-0.57,-1.09
8.126,2.12,-0.84,-0.94
8.134,2.38,-1.27,-0.28
8.143,2.34,-1.28,-0.27
8.151,2.10,-1.53,0.35
8.159,1.80,-1.59,0.47
8.167,1.23,-2.05,0.43
8.176,0.06,-2.73,0.20
8.184,-1.14,-3.30,0.39
8.192,-1.05,-3.29,0.34
8.212,-1.84,-4.81,0.67
8.214,-0.07,-5.82,-0.15
8.223,1.71,-5.31,-1.00
8.254,2.78,-3.55,-1.62
8.255,2.13,-1.86,-2.05
8.255,2.40,-1.07,-2.45
8.256,2.54,-1.07,-2.46
8.261,3.57,-1.29,-2.38
8.268,4.17,-2.27,-1.72
8.280,5.11,-2.26,-1.76
8.285,6.16,-1.42,-1.97
8.297,5.45,-3.02,-0.65
8.302,5.48,-3.02,-0.57
8.312,5.24,-2.36,-1.00
8.319,4.74,-0.54,-1.31
8.328,4.00,1.06,1.14
8.336,1.16,-1.47,4.72
8.345,0.27,-3.36,2.75
8.353,0.33,-3.36,2.75
8.361,2.96,-1.87,1.76
8.369,3.89,-0.89,0.31
8.388,3.00,0.75,-1.71
8.389,1.10,1.94,-2.91
8.395,0.45,3.43,-0.76
8.410,0.45,3.42,-0.69
8.415,1.05,6.03,-1.23
8.419,0.64,7.06,1.02
8.428,-1.29,5.18,1.87
8.436,-0.36,2.90,1.57
8.445,-0.50,3.44,1.02
8.453,-0.50,3.43,1.05
8.461,-0.49,5.40,0.36
8.469,-0.43,6.24,0.15
8.478,-0.21,5.62,0.01
8.486,-0.49,5.67,-0.10
8.495,-0.13,5.26,-0.31
8.504,0.61,3.55,-0.37
8.527,0.62,3.54,-0.40
8.528,1.23,2.11,-0.77
8.529,1.35,0.47,-0.19
8.539,0.61,-0.75,0.08
8.545,0.00,-0.61,0.99
8.557,-0.21,-0.30,0.93
8.562,-0.25,-0.29,0.87
8.571,-0.37,-0.23,0.28
8.579,-0.44,0.26,-0.16
8.588,-0.52,0.58,-2.00
8.596,-0.36,0.70,-3.82
8.605,0.09,0.32,-4.49
8.612,0.12,0.31,-4.44
8.622,1.00,-0.65,-2.70
8.629,1.55,-1.62,-1.63
8.638,1.75,-2.39,-0.57
8.646,1.21,-1.77,-0.18
8.657,1.02,0.04,-1.50
8.663,1.05,0.03,-1.41
8.680,1.17,0.94,1.35
8.681,2.35,0.81,1.00
8.688,1.87,0.22,0.78
8.696,0.03,0.02,2.86
8.704,-1.40,0.17,3.45
8.713,-1.39,0.17,3.46
8.721,-1.71,0.54,3.15
8.730,-0.64,0.75,1.47
8.738,0.23,0.37,0.10
8.747,-0.29,-0.50,-1.32
8.755,-0.49,-0.85,-2.21
8.764,0.79,-0.69,-2.83
8.772,1.03,-0.73,-2.90
8.785,2.42,-0.53,-2.75
8.792,2.08,-0.79,-1.76
8.809,1.21,-1.74,-0.73
8.810,2.89,-3.27,0.85
8.817,2.77,-5.78,0.91
8.823,2.80,-5.78,0.87
8.832,2.56,-8.15,0.01
8.839,2.13,-4.73,-0.59
8.848,2.67,-2.02,0.07
8.855,2.93,-0.90,0.64
8.865,3.27,-0.51,0.58
8.872,3.26,-0.51,0.55
8.881,0.95,0.43,0.20
8.889,-1.28,2.02,-0.04
8.898,-2.15,2.81,-1.03
8.906,-1.88,2.61,-1.69
8.915,-1.37,2.17,-1.93
8.923,-1.28,2.14,-1.96
8.936,-1.08,0.69,-2.08
8.939,-0.45,-0.84,-1.91
8.958,0.11,-2.81,-1.71
8.959,0.31,-4.16,-1.67
8.965,0.25,-4.78,-0.56
8.974,0.29,-4.79,-0.68
8.981,0.06,-4.25,0.02
8.990,-0.52,-3.85,1.10
8.998,-0.35,-2.66,0.43
9.007,-0.61,-1.62,-0.37
9.015,-1.93,-1.31,-1.53
9.023,-2.25,-0.80,-3.02
9.032,-2.19,-0.84,-3.17
9.041,-2.70,-0.05,-4.86
9.049,-3.16,-0.14,-5.21
9.059,-3.73,-0.64,-4.51
9.066,-3.96,-0.80,-3.27
9.077,-4.16,-0.85,-1.99
9.082,-4.04,-0.92,-2.03
9.099,-4.61,-1.12,-1.24
9.100,-5.13,-1.41,-0.60
9.108,-5.47,-2.39,-0.52
9.116,-5.16,-1.94,-0.32
9.125,-4.01,-1.52,-0.46
9.133,-3.80,-1.73,-0.64
9.142,-3.05,-1.65,-1.25
9.149,-2.95,-1.48,-1.69
9.159,-3.14,-0.99,-2.06
9.168,-3.46,-0.53,-2.31
9.174,-3.87,-0.50,-2.60
9.185,-3.68,-0.75,-2.69
9.192,-4.07,-0.66,-2.56
9.210,-4.19,-0.46,-2.22
9.211,-3.99,-0.22,-1.62
9.226,-3.43,-0.27,-1.02
9.227,-2.90,-0.42,-0.28
9.248,-2.76,-0.73,-0.38
9.250,-2.25,-1.00,0.63
9.256,-1.90,-1.46,1.54
9.259,-1.47,-1.89,2.38
9.267,-0.85,-2.12,2.92
9.275,-0.35,-2.41,3.10
9.285,0.08,-2.78,3.02
9.292,0.13,-3.13,2.92
9.301,0.36,-3.51,2.59
9.309,0.63,-3.84,2.06
9.319,0.88,-4.57,1.71
9.325,1.26,-5.47,1.62
9.335,2.06,-6.21,1.66
9.343,1.96,-6.50,1.50
9.355,2.90,-6.57,1.87
9.359,3.61,-6.31,2.20
9.372,4.10,-5.91,2.12
9.376,4.26,-5.50,1.68
9.385,4.36,-5.10,0.86
9.395,4.09,-5.39,0.66
9.402,4.30,-4.89,-0.27
9.411,4.40,-4.42,-1.14
9.418,4.45,-4.12,-1.92
9.426,4.43,-4.03,-2.50
9.435,4.38,-3.96,-2.75
9.443,4.15,-4.14,-2.83
9.452,4.10,-3.83,-2.75
9.460,3.79,-3.27,-2.68
9.469,3.14,-2.67,-2.68
9.480,2.44,-2.32,-2.80
9.485,1.99,-2.13,-2.92
9.509,1.84,-2.24,-2.94
9.510,1.58,-2.32,-2.76
9.511,1.32,-2.37,-2.50
9.519,1.07,-2.28,-2.27
9.528,0.82,-2.30,-2.41
9.536,0.62,-2.29,-2.78
9.543,0.53,-2.37,-3.33
9.552,0.36,-2.34,-3.32
9.561,0.26,-2.25,-3.84
9.569,0.47,-2.17,-3.70
9.578,0.91,-2.00,-2.97
9.586,1.34,-1.88,-1.65
9.595,1.45,-1.76,-0.45
9.603,1.41,-1.77,-0.46
9.615,1.11,-1.75,0.34
9.620,0.51,-1.73,0.58
9.631,-0.16,-1.62,0.33
9.638,-0.87,-1.40,-0.58
9.645,-1.36,-1.17,-1.74
9.654,-1.32,-1.22,-1.68
9.662,-1.46,-0.98,-2.53
9.670,-1.54,-0.62,-2.68
9.679,-1.44,-0.39,-2.72
9.687,-1.10,-0.31,-2.49
9.695,-0.73,-0.33,-2.18
9.703,-0.72,-0.36,-2.15
9.712,-0.56,-0.42,-1.59
9.720,-0.56,-0.50,-1.45
9.728,-0.61,-0.54,-1.48
9.737,-0.60,-0.50,-1.30
9.745,-0.53,-0.43,-1.06
9.754,-0.52,-0.45,-1.04
9.762,-0.49,-0.42,-0.95
9.783,-0.53,-0.35,-1.05
9.784,-0.59,-0.21,-1.58
9.787,-0.63,-0.09,-2.17
9.795,-0.66,0.07,-2.48
9.804,-0.65,0.04,-2.45
9.812,-0.59,0.11,-2.29
9.821,-0.54,0.06,-1.83
9.831,-0.42,-0.05,-1.17
9.838,-0.29,-0.10,-0.55
9.847,-0.16,-0.22,0.02
9.855,-0.09,-0.29,0.18
9.863,-0.09,-0.30,0.20
9.873,-0.15,-0.25,0.16
9.880,-0.25,-0.07,-0.18
9.889,-0.52,0.06,-0.64
9.897,-0.61,0.17,-0.95
9.905,-0.66,0.17,-1.11
9.930,-0.64,0.15,-1.07
9.931,-0.44,0.18,-1.16
9.931,-0.12,0.14,-1.10
9.940,0.17,0.19,-0.92
9.947,0.18,0.12,-0.58
9.955,0.13,0.13,-0.16
9.964,0.13,0.12,-0.15
9.972,0.18,0.14,0.19
9.981,0.08,0.27,0.25
9.988,0.10,0.37,0.22
9.998,0.07,0.46,-0.06
10.005,0.09,0.44,-0.45
10.014,0.14,0.41,-0.40
10.022,0.10,0.39,-0.88
10.042,0.09,0.35,-1.31
10.043,-0.06,0.33,-1.57
10.048,-0.21,0.32,-1.55
10.055,-0.32,0.27,-1.40
10.065,-0.27,0.19,-1.03
10.074,-0.29,0.19,-1.04
10.081,-0.24,0.14,-0.62
10.090,-0.32,0.11,-0.18
10.098,-0.46,0.03,0.34
10.106,-0.51,-0.04,0.76
10.116,-0.53,-0.12,1.00
10.123,-0.51,-0.13,1.02
10.133,-0.43,-0.25,1.14
10.140,-0.48,-0.20,0.85
10.149,-0.51,-0.07,0.45
10.157,-0.56,0.10,-0.03
10.166,-0.56,0.25,-0.55
10.175,-0.55,0.22,-0.53
10.182,-2.32,1.20,-5.04
10.207,-1.22,1.10,-4.49
10.208,0.72,0.50,-2.65
10.219,1.38,0.25,-1.52
10.220,0.71,-0.02,-1.23
10.224,0.69,0.00,-1.26
10.232,-0.02,-0.28,-0.84
10.240,-1.11,-0.20,-0.25
10.249,-1.78,-0.07,0.10
10.257,-1.41,0.03,-0.04
10.267,-0.76,0.29,-0.53
